{"video": 18.753366, "network": 51.449612592443216, "final_score": 55.20028579244322}