{"video": 18.803043, "network": 51.4683746141371, "final_score": 55.228983214137095}