{"video": 18.753366, "network": 51.4741009269654, "final_score": 55.2247741269654}