{"video": 18.521734, "network": 52.79227312974544, "final_score": 56.496619929745435}