{"video": 16.263572, "network": 51.376717588657904, "final_score": 54.629431988657906}