{"video": 21.501928, "network": 51.47186391722241, "final_score": 55.772249517222406}