{"video": 18.462672, "network": 52.78582991094111, "final_score": 56.47836431094111}