{"att16": {"dummy": {"delay1": [141.38938229717593, 140.67052947052946, 142.14740518962077], "delay2": [1133.5, 1130.125, 1135.125], "goodput": [0.6318630753635899, 0.6321327782139889, 0.6321574116686386], "loss": [0.0, 0.0, 0.0], "network score": [31.579657688408975, 31.580331945534972, 31.580393529171598], "SSIM": [0.4024363191449281, 0.4024150060357473, 0.4023046229397362]}, "HRCC": {"delay1": [64.38929913201191, 67.88496376811594, 64.09643687064292], "delay2": [566.6999999999998, 591.9499999999998, 560.7000000000003], "goodput": [0.4648690773359331, 0.35555300194362693, 0.46743762718024134], "loss": [0.0, 0.0, 0.0], "network score": [31.162172693339834, 30.88888250485907, 31.168594067950604], "SSIM": [0.39713344563902936, 0.3977027910754745, 0.3967849444929155]}, "GCC": {"delay1": [45.66324110671937, 52.376756838446425, 41.24245452728363], "delay2": [307.37499999999955, 407.5999999999997, 250.27499999999952], "goodput": [0.15642248830669458, 0.29876155376132074, 0.13595615557347163], "loss": [0.0, 0.0, 0.0], "network score": [35.0097334083947, 30.83736843208057, 37.79998083446168], "SSIM": [0.4072067804156196, 0.4062343042825304, 0.4063380039718385]}}, "taxi": {"dummy": {"delay1": [1.762863759943611, 1.9759329630712268, 1.9899600350911395], "delay2": [3.0, 5.0, 4.5], "goodput": [0.6327108183461886, 0.991172972466571, 0.9902139090699436], "loss": [0.0, 0.0, 0.0], "network score": [51.382275798982675, 52.20330649600434, 52.20122055821102], "SSIM": [0.40217983602799356, 0.39218292034472635, 0.39207271381479375]}, "HRCC": {"delay1": [1.7215847324556106, 1.6842995169082127, 1.6961705202312138], "delay2": [3.5, 3.0, 3.0], "goodput": [0.5312328411589494, 0.5308606884729448, 0.5317953907744195], "loss": [0.0, 0.0, 0.0], "network score": [51.10364320015423, 51.12765047429957, 51.12998723005326], "SSIM": [0.39177141897458684, 0.39184810499380546, 0.39204361623504447]}, "GCC": {"delay1": [1.6867103059826458, 1.6988593155893537, 1.7225354258723145], "delay2": [3.0, 3.5, 2.5], "goodput": [0.2991305740692628, 0.2998585229447017, 0.25081069935827177], "loss": [0.0, 0.0, 0.0], "network score": [50.54832518829036, 50.549895683920354, 50.42777363739209], "SSIM": [0.4067010546273638, 0.4062102566478143, 0.4068223951017575]}}, "wired": {"dummy": {"delay1": [0.9445146244291128, 0.9351367073880162, 0.9374186442375088], "delay2": [0.0, 0.0, 0.0], "goodput": [0.9912955972687383, 0.9984280133075478, 0.6330034346149896], "loss": [0.0, 0.0, 0.0], "network score": [52.428363681451145, 52.44619472154817, 51.532633274816774], "SSIM": [0.3922675509813897, 0.3917409061614205, 0.402270711038558]}, "HRCC": {"delay1": [1.0933157642549114, 1.0737294201861132, 1.0744387081282267], "delay2": [1.0, 1.0, 1.5], "goodput": [0.5358126577485169, 0.5369253163604379, 0.5332250796069327], "loss": [0.0, 0.0, 0.0], "network score": [51.2397810209299, 51.242562667459694, 51.23318738729664], "SSIM": [0.39108242704557694, 0.3915046453203591, 0.39148128636232593]}, "GCC": {"delay1": [0.9628280989227734, 0.9603030303030303, 0.9657420039411854], "delay2": [0.0, 0.5, 0.0], "goodput": [0.29897405492309914, 0.2998591614590246, 0.2998402223225185], "loss": [0.0, 0.0, 0.0], "network score": [50.69755982558705, 50.69971024778721, 50.6997252440856], "SSIM": [0.40700632653191093, 0.4062102566478143, 0.40631395633712253]}}, "verizon": {"dummy": {"delay1": [2.6590863554397917, 2.727008324140006, 2.9156020131629887], "delay2": [8.349999999999909, 4.0, 8.5], "goodput": [0.6326708399620444, 0.6318786824441912, 0.9962652089197497], "loss": [0.0, 0.0, 0.0], "network score": [51.13971949392008, 51.15951066301008, 52.04122411955623], "SSIM": [0.40208332783562806, 0.40235892230108816, 0.387641668206212]}, "HRCC": {"delay1": [2.8749639873235378, 2.897230210382927, 2.904232424677188], "delay2": [5.5, 7.0, 5.5], "goodput": [0.44256097838290526, 0.3725458963179781, 0.5359978938991327], "loss": [0.0, 0.0, 0.0], "network score": [50.6603051066948, 50.507982896897225, 50.89389739548537], "SSIM": [0.3906902985763912, 0.39127418192950214, 0.39152098878996017]}, "GCC": {"delay1": [2.732878787878788, 2.589109661762475, 2.6771307249014256], "delay2": [7.5, 7.5, 5.0], "goodput": [0.29778916795369675, 0.29898386607728356, 0.29901472478240687], "loss": [0.0, 0.0, 0.0], "network score": [50.296153420126174, 50.32351951556727, 50.326309614609414], "SSIM": [0.406217773698279, 0.4070133198708084, 0.4070133198708084]}}, "tmobile": {"dummy": {"delay1": [51.957692684360005, 51.63291015625, 51.7241987650691], "delay2": [147.24999999999955, 142.44999999999982, 143.9749999999999], "goodput": [0.9913333062669005, 0.9987503828144266, 0.9914563681421873], "loss": [0.0, 0.0, 0.0], "network score": [45.08431830307376, 45.24700922337882, 45.215789983182276], "SSIM": [0.39202692342627476, 0.3916672484812024, 0.3876919969793011]}, "HRCC": {"delay1": [46.894877192982456, 48.59175553079739, 47.52311472892029], "delay2": [125.34999999999991, 131.44999999999982, 125.54999999999973], "goodput": [0.4474125702739791, 0.25796635154251346, 0.2708170177385335], "loss": [0.0, 0.0, 0.0], "network score": [44.67957380750546, 44.03893084144981, 44.246807854210665], "SSIM": [0.39584188445224155, 0.39159667371179596, 0.39160786968715233]}, "GCC": {"delay1": [46.8707015130674, 46.82079510703364, 47.478329145728644], "delay2": [125.42499999999973, 121.54999999999995, 129.8499999999999], "goodput": [0.2793625446508743, 0.29898136423080635, 0.2521136964086605], "loss": [0.0, 0.0, 0.0], "network score": [44.2913986965148, 44.47986216970111, 44.002683329323986], "SSIM": [0.40631395633712253, 0.4072067804156196, 0.4067010546273638]}}}