{"taxi": {"dummy": {"delay1": [2.1084901062481722, 2.1084901062481722], "delay2": [4.5, 4.5], "goodput": [0.9901175459752922, 0.9901175459752922], "loss": [0.0, 0.0], "network score": [52.200979650474395, 52.200979650474395], "SSIM": 0.39200173651078185}, "HRCC": {"delay1": [1.8055152394775036, 1.8055152394775036], "delay2": [3.5, 3.5], "goodput": [0.5304867436429851, 0.5304867436429851], "loss": [0.0, 0.0], "network score": [51.101777956364316, 51.101777956364316], "SSIM": 0.3919099339115321}, "GCC": {"delay1": [1.81807118953453, 1.8498174071819842], "delay2": [3.5, 3.5], "goodput": [0.29988327388127006, 0.2999888562940599], "loss": [0.0, 0.0], "network score": [50.525269281960036, 50.52553323799201], "SSIM": 0.40612273486443606}}}