{"30mbps": {"dummy": {"delay1": [1.4504452187379016, 1.4569887101608552, 1.4590836334533814], "delay2": [0.5, 0.5, 0.5], "goodput": [0.9914692214487772, 0.6318846504478622, 0.6318631584175531], "loss": [0.0, 0.0, 0.0], "network score": [52.37904649812015, 51.48008507061786, 51.48003134054209], "SSIM": [0.3919241250433597, 0.40235295656124714, 0.40235892230108816]}, "HRCC": {"delay1": [1.6676586120699917, 1.6324087245139878, 1.6464442597649294], "delay2": [1.0, 0.5, 0.5], "goodput": [0.5372179859759795, 0.5388167012802333, 0.535737401131735], "loss": [0.0, 0.0, 0.0], "network score": [51.243294341498554, 51.247415197698786, 51.239716947327544], "SSIM": [0.4028149103202545, 0.40297397478358166, 0.39496222979406415]}, "GCC": {"delay1": [1.4913050052926056, 1.479739945570003, 1.4811791383219954], "delay2": [0.5, 0.0, 0.5], "goodput": [0.2989504297542065, 0.29900045445281664, 0.2990346391062196], "loss": [0.0, 0.0, 0.0], "network score": [50.64774951888373, 50.64799864856985, 50.647960042263755], "SSIM": [0.40700632653191093, 0.4066977135037328, 0.4070616175897327]}}}